{"workers": {"worker-4325": {"cpu": 34.5, "memory": 81.3, "tasks_processed": 492, "last_seen": 1743808956.7805598, "current_task": null, "processing_rate": 5.070281037979644, "uptime": 97.03604125976562}, "worker-4932": {"cpu": 27.2, "memory": 81.3, "tasks_processed": 562, "last_seen": 1743808957.864668, "current_task": null, "processing_rate": 5.6192450071975335, "uptime": 100.01343584060669}, "worker-3554": {"cpu": 24.9, "memory": 81.3, "tasks_processed": 251, "last_seen": 1743808957.231903, "current_task": null, "processing_rate": 8.605476639595734, "uptime": 29.16747212409973}}, "completed_tasks": 891, "total_tasks": 891, "avg_cpu": 28.866666666666664, "avg_memory": 81.3, "workers_count": 3, "elapsed_time": 21.94901990890503, "completion_time": 19.98111891746521}