{"workers": {"worker-1211": {"cpu": 22.1, "memory": 80.9, "tasks_processed": 495, "last_seen": 1743805285.920449, "current_task": null, "processing_rate": 10.159609494253633, "uptime": 48.72234511375427}, "worker-7494": {"cpu": 0.0, "memory": 81.1, "tasks_processed": 634, "last_seen": 1743805284.581388, "current_task": null, "processing_rate": 11.265924374450883, "uptime": 56.27589702606201}, "worker-8708": {"cpu": 0.0, "memory": 81.1, "tasks_processed": 160, "last_seen": 1743805284.74092, "current_task": null, "processing_rate": 5.218483224003183, "uptime": 30.660249948501587}}, "completed_tasks": 418, "total_tasks": 418, "avg_cpu": 7.366666666666667, "avg_memory": 81.03333333333333, "workers_count": 3, "elapsed_time": 9.538802146911621, "completion_time": 7.6866350173950195}