{"workers": {"worker-7192": {"cpu": 39.6, "memory": 65.4, "tasks_processed": 16496, "last_seen": 1745265982.6993148, "current_task": null, "processing_rate": 360.971583752832, "uptime": 45.698888063430786}, "worker-5334": {"cpu": 39.4, "memory": 65.5, "tasks_processed": 33324, "last_seen": 1745265983.442931, "current_task": null, "processing_rate": 664.0754737140429, "uptime": 50.18104314804077}}, "completed_tasks": 50000, "total_tasks": 50000, "avg_cpu": 39.5, "avg_memory": 65.45, "workers_count": 2, "elapsed_time": 43.7382869720459, "completion_time": 41.95361304283142}